﻿<?xml version="1.0"?>
<TctGeneratedModules><ModuleInfo CLSID="{acd3c8a0-d974-4eb0-91e6-a4a0eb4db128}"><DefaultValues><Value><Name>ExecutionSequence</Name><EnumText>StateUpdateAfterOutputMapping</EnumText></Value><Value><Name>StepSize</Name><EnumText>UseTaskCycleTime</EnumText></Value><Value><Name>ExtModeParameters.ConnectionTimeout</Name><Value>3.000000e+00</Value></Value><Value><Name>ExtModeParameters.InitIncomingPktBufferSize</Name><Value>#x2710</Value></Value><Value><Name>ExtModeParameters.InitOutgoingPktBufferSize</Name><Value>#x2710</Value></Value><Value><Name>ExtModeParameters.Activated</Name><Value>#x1</Value></Value><Value><Name>ExtModeParameters.AllowExecutionCommands</Name><Value>#x1</Value></Value><Value><Name>ExtModeParameters.AllowParameterChange</Name><Value>#x1</Value></Value><Value><Name>ModuleInfo.ClassId</Name><GUID>{acd3c8a0-d974-4eb0-91e6-a4a0eb4db128}</GUID></Value><Value><Name>ModuleInfo.BuildTimeStamp</Name><Value>#x524985da</Value></Value><Value><Name>ModuleInfo.ModelCheckSum[0]</Name><Value>#xf1c3e5ed</Value></Value><Value><Name>ModuleInfo.ModelCheckSum[1]</Name><Value>#x2f786549</Value></Value><Value><Name>ModuleInfo.ModelCheckSum[2]</Name><Value>#xad57c0d4</Value></Value><Value><Name>ModuleInfo.TwinCatVersion[0]</Name><Value>#x3</Value></Value><Value><Name>ModuleInfo.TwinCatVersion[1]</Name><Value>#x1</Value></Value><Value><Name>ModuleInfo.TwinCatVersion[2]</Name><Value>#xfab</Value></Value><Value><Name>ModuleInfo.TcTargetVersion[0]</Name><Value>#x1</Value></Value><Value><Name>ModuleInfo.TcTargetVersion[1]</Name><Value>#x1</Value></Value><Value><Name>ModuleInfo.TcTargetVersion[2]</Name><Value>#x451</Value></Value><Value><Name>ModuleInfo.MatlabVersion[0]</Name><Value>#x8</Value></Value><Value><Name>ModuleInfo.MatlabVersion[1]</Name><Value>#x1</Value></Value><Value><Name>ModuleInfo.SimulinkVersion[0]</Name><Value>#x8</Value></Value><Value><Name>ModuleInfo.SimulinkVersion[1]</Name><Value>#x1</Value></Value><Value><Name>ModuleInfo.CoderVersion[0]</Name><Value>#x8</Value></Value><Value><Name>ModuleInfo.CoderVersion[1]</Name><Value>#x4</Value></Value><Value><Name>ModuleInfo.TcTargetLicenseId</Name><GUID>{73c71ebd-104a-4ee6-955d-ade86a37efc3}</GUID></Value></DefaultValues><BlockDiagram><Name>ContrSysPT2</Name><Identifier>&lt;Root&gt;</Identifier><Type>root</Type><Position x="0.0" y="0.0" w="0.0" h="0.0"/><Block><Name>Heat_On</Name><Identifier>&lt;Root&gt;/Heat_On</Identifier><Type InstanceNo="1">Inport</Type><Position x="15.0" y="203.0" w="30.0" h="14.0"/><Port><Type No="1">Outport</Type><Position x="50.0" y="210.0"/><IsConnected>1</IsConnected><Line><Point x="50.0" y="210.0"/><Point x="65.0" y="210.0"/></Line></Port></Block><Block><Name>Cooler_On</Name><Identifier>&lt;Root&gt;/Cooler_On</Identifier><Type InstanceNo="2">Inport</Type><Position x="130.0" y="68.0" w="30.0" h="14.0"/><Port><Type No="1">Outport</Type><Position x="165.0" y="75.0"/><IsConnected>1</IsConnected><Line><Point x="165.0" y="75.0"/><Point x="245.0" y="75.0"/></Line></Port></Block><Block><Name>1/C_1</Name><Identifier>&lt;Root&gt;/1//C_1</Identifier><Type>Gain</Type><Position x="390.0" y="195.0" w="30.0" h="30.0"/><Port><Type No="1">Inport</Type><Position x="375.0" y="210.0"/><Name>Q1</Name><IsConnected>1</IsConnected><Source BlockIdentifier="&lt;Root&gt;/Integrator1" PortType="Outport" PortNo="1"/></Port><Port><Type No="1">Outport</Type><Position x="425.0" y="210.0"/><Name>theta_1</Name><IsConnected>1</IsConnected><Line Name="theta_1"><Point x="425.0" y="210.0"/><Point x="460.0" y="210.0"/><Line Name="theta_1"><Point x="460.0" y="210.0"/><Point x="460.0" y="155.0"/><Point x="890.0" y="155.0"/><Point x="890.0" y="130.0"/></Line><Line Name="theta_1"><Point x="460.0" y="210.0"/><Point x="480.0" y="210.0"/></Line></Line><Signal Name="theta_1" Category="BlockIO" ReadOnly="TRUE"><Type GUID="{18071995-0000-0000-0000-00000000000E}">LREAL</Type><GlobalName>BlockIO.theta_1</GlobalName><AdsIdxOffs>#x95000008</AdsIdxOffs></Signal></Port></Block><Block><Name>1/C_2</Name><Identifier>&lt;Root&gt;/1//C_2</Identifier><Type>Gain</Type><Position x="830.0" y="195.0" w="30.0" h="30.0"/><Port><Type No="1">Inport</Type><Position x="815.0" y="210.0"/><Name>Q2</Name><IsConnected>1</IsConnected><Source BlockIdentifier="&lt;Root&gt;/Integrator2" PortType="Outport" PortNo="1"/></Port><Port><Type No="1">Outport</Type><Position x="865.0" y="210.0"/><Name>theta_2</Name><IsConnected>1</IsConnected><Line Name="theta_2"><Point x="865.0" y="210.0"/><Point x="905.0" y="210.0"/><Line Name="theta_2"><Point x="905.0" y="210.0"/><Point x="905.0" y="130.0"/></Line><Line Name="theta_2"><Point x="905.0" y="210.0"/><Point x="905.0" y="260.0"/><Line Name="theta_2"><Point x="905.0" y="260.0"/><Point x="905.0" y="300.0"/><Point x="495.0" y="300.0"/><Point x="495.0" y="225.0"/></Line><Line Name="theta_2"><Point x="905.0" y="260.0"/><Point x="755.0" y="260.0"/></Line></Line><Line Name="theta_2"><Point x="905.0" y="210.0"/><Point x="950.0" y="210.0"/></Line></Line><Signal Name="theta_2" Category="BlockIO" ReadOnly="TRUE"><Type GUID="{18071995-0000-0000-0000-00000000000E}">LREAL</Type><GlobalName>BlockIO.theta_2</GlobalName><AdsIdxOffs>#x95000000</AdsIdxOffs></Signal></Port></Block><Block><Name>Conv</Name><Identifier>&lt;Root&gt;/Conv</Identifier><Type>DataTypeConversion</Type><Position x="70.0" y="197.0" w="40.0" h="26.0"/><Port><Type No="1">Inport</Type><Position x="55.0" y="210.0"/><IsConnected>1</IsConnected><Source BlockIdentifier="&lt;Root&gt;/Heat_On" PortType="Outport" PortNo="1"/></Port><Port><Type No="1">Outport</Type><Position x="115.0" y="210.0"/><IsConnected>1</IsConnected><Line><Point x="115.0" y="210.0"/><Point x="135.0" y="210.0"/></Line></Port></Block><Block><Name>Conv3</Name><Identifier>&lt;Root&gt;/Conv3</Identifier><Type>DataTypeConversion</Type><Position x="1005.0" y="198.0" w="50.0" h="24.0"/><Port><Type No="1">Inport</Type><Position x="990.0" y="210.0"/><IsConnected>1</IsConnected><Source BlockIdentifier="&lt;Root&gt;/sensor" PortType="Outport" PortNo="1"/></Port><Port><Type No="1">Outport</Type><Position x="1060.0" y="210.0"/><IsConnected>1</IsConnected><Line><Point x="1060.0" y="210.0"/><Point x="1070.0" y="210.0"/></Line><Signal Name="Conv3" Category="BlockIO" ReadOnly="TRUE"><Type GUID="{18071995-0000-0000-0000-000000000006}">INT</Type><GlobalName>BlockIO.Conv3</GlobalName><AdsIdxOffs>#x95000040</AdsIdxOffs></Signal></Port></Block><Block><Name>Divide</Name><Identifier>&lt;Root&gt;/Divide</Identifier><Type>Product</Type><Position x="720.0" y="252.0" w="30.0" h="31.0"/><Port><Type No="1">Inport</Type><Position x="765.0" y="260.0"/><Name>theta_2</Name><Rotation>3.142</Rotation><IsConnected>1</IsConnected><Source BlockIdentifier="&lt;Root&gt;/1//C_2" PortType="Outport" PortNo="1"/><Signal Name="theta_2" Category="BlockIO" ReadOnly="TRUE"><Type GUID="{18071995-0000-0000-0000-00000000000E}">LREAL</Type><GlobalName>BlockIO.theta_2</GlobalName><AdsIdxOffs>#x95000000</AdsIdxOffs></Signal></Port><Port><Type No="2">Inport</Type><Position x="765.0" y="275.0"/><Rotation>3.142</Rotation><IsConnected>1</IsConnected><Source BlockIdentifier="&lt;Root&gt;/From" PortType="Outport" PortNo="1"/></Port><Port><Type No="1">Outport</Type><Position x="715.0" y="270.0"/><Rotation>3.142</Rotation><IsConnected>1</IsConnected><Line><Point x="715.0" y="270.0"/><Point x="630.0" y="270.0"/><Point x="630.0" y="225.0"/></Line><Signal Name="Divide" Category="BlockIO" ReadOnly="TRUE"><Type GUID="{18071995-0000-0000-0000-00000000000E}">LREAL</Type><GlobalName>BlockIO.Divide</GlobalName><AdsIdxOffs>#x95000020</AdsIdxOffs></Signal></Port></Block><Block><Name>From</Name><Identifier>&lt;Root&gt;/From</Identifier><Type>From</Type><Position x="775.0" y="266.0" w="50.0" h="18.0"/><Port><Type No="1">Outport</Type><Position x="770.0" y="275.0"/><Rotation>3.142</Rotation><IsConnected>1</IsConnected><Line><Point x="770.0" y="275.0"/><Point x="755.0" y="275.0"/></Line></Port></Block><Block><Name>From2</Name><Identifier>&lt;Root&gt;/From2</Identifier><Type>From</Type><Position x="550.0" y="72.0" w="50.0" h="16.0"/><Port><Type No="1">Outport</Type><Position x="605.0" y="80.0"/><IsConnected>1</IsConnected><Line><Point x="605.0" y="80.0"/><Point x="615.0" y="80.0"/></Line></Port></Block><Block><Name>Gain1</Name><Identifier>&lt;Root&gt;/Gain1</Identifier><Type>Gain</Type><Position x="525.0" y="195.0" w="30.0" h="30.0"/><Port><Type No="1">Inport</Type><Position x="510.0" y="210.0"/><IsConnected>1</IsConnected><Source BlockIdentifier="&lt;Root&gt;/Sum2" PortType="Outport" PortNo="1"/></Port><Port><Type No="1">Outport</Type><Position x="560.0" y="210.0"/><IsConnected>1</IsConnected><Line><Point x="560.0" y="210.0"/><Point x="590.0" y="210.0"/><Line><Point x="590.0" y="210.0"/><Point x="590.0" y="270.0"/><Point x="255.0" y="270.0"/><Point x="255.0" y="225.0"/></Line><Line><Point x="590.0" y="210.0"/><Point x="615.0" y="210.0"/></Line></Line></Port></Block><Block><Name>Goto1</Name><Identifier>&lt;Root&gt;/Goto1</Identifier><Type>Goto</Type><Position x="305.0" y="64.0" w="45.0" h="22.0"/><Port><Type No="1">Inport</Type><Position x="290.0" y="75.0"/><IsConnected>1</IsConnected><Source BlockIdentifier="&lt;Root&gt;/Switch" PortType="Outport" PortNo="1"/></Port></Block><Block><Name>Integrator1</Name><Identifier>&lt;Root&gt;/Integrator1</Identifier><Type>Integrator</Type><Position x="300.0" y="191.0" w="40.0" h="38.0"/><Port><Type No="1">Inport</Type><Position x="285.0" y="210.0"/><IsConnected>1</IsConnected><Source BlockIdentifier="&lt;Root&gt;/Sum" PortType="Outport" PortNo="1"/><Signal Name="Sum" Category="BlockIO" ReadOnly="TRUE"><Type GUID="{18071995-0000-0000-0000-00000000000E}">LREAL</Type><GlobalName>BlockIO.Sum</GlobalName><AdsIdxOffs>#x95000010</AdsIdxOffs></Signal></Port><Port><Type No="1">Outport</Type><Position x="345.0" y="210.0"/><Name>Q1</Name><IsConnected>1</IsConnected><Line Name="Q1"><Point x="345.0" y="210.0"/><Point x="385.0" y="210.0"/></Line></Port><State Name="State0" Category="Continuous States" ReadOnly="TRUE"><Type GUID="{18071995-0000-0000-0000-00000000000E}">LREAL</Type><GlobalName>ContState.Integrator1_CSTATE</GlobalName><AdsIdxOffs>#x96000008</AdsIdxOffs></State></Block><Block><Name>Integrator2</Name><Identifier>&lt;Root&gt;/Integrator2</Identifier><Type>Integrator</Type><Position x="750.0" y="190.0" w="40.0" h="40.0"/><Port><Type No="1">Inport</Type><Position x="735.0" y="210.0"/><IsConnected>1</IsConnected><Source BlockIdentifier="&lt;Root&gt;/Sum3" PortType="Outport" PortNo="1"/><Signal Name="Sum3" Category="BlockIO" ReadOnly="TRUE"><Type GUID="{18071995-0000-0000-0000-00000000000E}">LREAL</Type><GlobalName>BlockIO.Sum3</GlobalName><AdsIdxOffs>#x95000018</AdsIdxOffs></Signal></Port><Port><Type No="1">Outport</Type><Position x="795.0" y="210.0"/><Name>Q2</Name><IsConnected>1</IsConnected><Line Name="Q2"><Point x="795.0" y="210.0"/><Point x="825.0" y="210.0"/></Line></Port><State Name="State0" Category="Continuous States" ReadOnly="TRUE"><Type GUID="{18071995-0000-0000-0000-00000000000E}">LREAL</Type><GlobalName>ContState.Integrator2_CSTATE</GlobalName><AdsIdxOffs>#x96000000</AdsIdxOffs></State></Block><Block><Name>Product1</Name><Identifier>&lt;Root&gt;/Product1</Identifier><Type>Product</Type><Position x="620.0" y="57.0" w="30.0" h="31.0"/><Port><Type No="1">Inport</Type><Position x="605.0" y="65.0"/><IsConnected>1</IsConnected><Source BlockIdentifier="&lt;S1&gt;" PortType="Outport" PortNo="1"/></Port><Port><Type No="2">Inport</Type><Position x="605.0" y="80.0"/><IsConnected>1</IsConnected><Source BlockIdentifier="&lt;Root&gt;/From2" PortType="Outport" PortNo="1"/></Port><Port><Type No="1">Outport</Type><Position x="655.0" y="75.0"/><IsConnected>1</IsConnected><Line><Point x="655.0" y="75.0"/><Point x="685.0" y="75.0"/><Point x="685.0" y="195.0"/></Line><Signal Name="Product1" Category="BlockIO" ReadOnly="TRUE"><Type GUID="{18071995-0000-0000-0000-00000000000E}">LREAL</Type><GlobalName>BlockIO.Product1</GlobalName><AdsIdxOffs>#x95000028</AdsIdxOffs></Signal></Port></Block><Block><Name>Scope</Name><Identifier>&lt;Root&gt;/Scope</Identifier><Type>Scope</Type><Position x="881.0" y="95.0" w="33.0" h="30.0"/><Port><Type No="1">Inport</Type><Position x="890.0" y="140.0"/><Name>theta_1</Name><Rotation>1.571</Rotation><IsConnected>1</IsConnected><Source BlockIdentifier="&lt;Root&gt;/1//C_1" PortType="Outport" PortNo="1"/><Signal Name="theta_1" Category="BlockIO" ReadOnly="TRUE"><Type GUID="{18071995-0000-0000-0000-00000000000E}">LREAL</Type><GlobalName>BlockIO.theta_1</GlobalName><AdsIdxOffs>#x95000008</AdsIdxOffs></Signal></Port><Port><Type No="2">Inport</Type><Position x="905.0" y="140.0"/><Name>theta_2</Name><Rotation>1.571</Rotation><IsConnected>1</IsConnected><Source BlockIdentifier="&lt;Root&gt;/1//C_2" PortType="Outport" PortNo="1"/><Signal Name="theta_2" Category="BlockIO" ReadOnly="TRUE"><Type GUID="{18071995-0000-0000-0000-00000000000E}">LREAL</Type><GlobalName>BlockIO.theta_2</GlobalName><AdsIdxOffs>#x95000000</AdsIdxOffs></Signal></Port></Block><Block><Name>Sum</Name><Identifier>&lt;Root&gt;/Sum</Identifier><Type>Sum</Type><Position x="245.0" y="200.0" w="20.0" h="20.0"/><Port><Type No="1">Inport</Type><Position x="230.0" y="210.0"/><Name>Pel</Name><IsConnected>1</IsConnected><Source BlockIdentifier="&lt;Root&gt;/max power [W]" PortType="Outport" PortNo="1"/><Signal Name="Pel" Category="BlockIO" ReadOnly="TRUE"><Type GUID="{18071995-0000-0000-0000-00000000000E}">LREAL</Type><GlobalName>BlockIO.Pel</GlobalName><AdsIdxOffs>#x95000038</AdsIdxOffs></Signal></Port><Port><Type No="2">Inport</Type><Position x="255.0" y="235.0"/><Rotation>1.571</Rotation><IsConnected>1</IsConnected><Source BlockIdentifier="&lt;Root&gt;/Gain1" PortType="Outport" PortNo="1"/></Port><Port><Type No="1">Outport</Type><Position x="270.0" y="210.0"/><IsConnected>1</IsConnected><Line><Point x="270.0" y="210.0"/><Point x="295.0" y="210.0"/></Line><Signal Name="Sum" Category="BlockIO" ReadOnly="TRUE"><Type GUID="{18071995-0000-0000-0000-00000000000E}">LREAL</Type><GlobalName>BlockIO.Sum</GlobalName><AdsIdxOffs>#x95000010</AdsIdxOffs></Signal></Port></Block><Block><Name>Sum1</Name><Identifier>&lt;Root&gt;/Sum1</Identifier><Type>Sum</Type><Position x="620.0" y="200.0" w="20.0" h="20.0"/><Port><Type No="1">Inport</Type><Position x="605.0" y="210.0"/><IsConnected>1</IsConnected><Source BlockIdentifier="&lt;Root&gt;/Gain1" PortType="Outport" PortNo="1"/></Port><Port><Type No="2">Inport</Type><Position x="630.0" y="235.0"/><Rotation>1.571</Rotation><IsConnected>1</IsConnected><Source BlockIdentifier="&lt;Root&gt;/Divide" PortType="Outport" PortNo="1"/><Signal Name="Divide" Category="BlockIO" ReadOnly="TRUE"><Type GUID="{18071995-0000-0000-0000-00000000000E}">LREAL</Type><GlobalName>BlockIO.Divide</GlobalName><AdsIdxOffs>#x95000020</AdsIdxOffs></Signal></Port><Port><Type No="1">Outport</Type><Position x="645.0" y="210.0"/><IsConnected>1</IsConnected><Line><Point x="645.0" y="210.0"/><Point x="670.0" y="210.0"/></Line><Signal Name="Sum1" Category="BlockIO" ReadOnly="TRUE"><Type GUID="{18071995-0000-0000-0000-00000000000E}">LREAL</Type><GlobalName>BlockIO.Sum1</GlobalName><AdsIdxOffs>#x95000030</AdsIdxOffs></Signal></Port></Block><Block><Name>Sum2</Name><Identifier>&lt;Root&gt;/Sum2</Identifier><Type>Sum</Type><Position x="485.0" y="200.0" w="20.0" h="20.0"/><Port><Type No="1">Inport</Type><Position x="470.0" y="210.0"/><Name>theta_1</Name><IsConnected>1</IsConnected><Source BlockIdentifier="&lt;Root&gt;/1//C_1" PortType="Outport" PortNo="1"/><Signal Name="theta_1" Category="BlockIO" ReadOnly="TRUE"><Type GUID="{18071995-0000-0000-0000-00000000000E}">LREAL</Type><GlobalName>BlockIO.theta_1</GlobalName><AdsIdxOffs>#x95000008</AdsIdxOffs></Signal></Port><Port><Type No="2">Inport</Type><Position x="495.0" y="235.0"/><Name>theta_2</Name><Rotation>1.571</Rotation><IsConnected>1</IsConnected><Source BlockIdentifier="&lt;Root&gt;/1//C_2" PortType="Outport" PortNo="1"/><Signal Name="theta_2" Category="BlockIO" ReadOnly="TRUE"><Type GUID="{18071995-0000-0000-0000-00000000000E}">LREAL</Type><GlobalName>BlockIO.theta_2</GlobalName><AdsIdxOffs>#x95000000</AdsIdxOffs></Signal></Port><Port><Type No="1">Outport</Type><Position x="510.0" y="210.0"/><IsConnected>1</IsConnected><Line><Point x="510.0" y="210.0"/><Point x="520.0" y="210.0"/></Line></Port></Block><Block><Name>Sum3</Name><Identifier>&lt;Root&gt;/Sum3</Identifier><Type>Sum</Type><Position x="675.0" y="200.0" w="20.0" h="20.0"/><Port><Type No="1">Inport</Type><Position x="685.0" y="185.0"/><Rotation>4.712</Rotation><IsConnected>1</IsConnected><Source BlockIdentifier="&lt;Root&gt;/Product1" PortType="Outport" PortNo="1"/><Signal Name="Product1" Category="BlockIO" ReadOnly="TRUE"><Type GUID="{18071995-0000-0000-0000-00000000000E}">LREAL</Type><GlobalName>BlockIO.Product1</GlobalName><AdsIdxOffs>#x95000028</AdsIdxOffs></Signal></Port><Port><Type No="2">Inport</Type><Position x="660.0" y="210.0"/><IsConnected>1</IsConnected><Source BlockIdentifier="&lt;Root&gt;/Sum1" PortType="Outport" PortNo="1"/><Signal Name="Sum1" Category="BlockIO" ReadOnly="TRUE"><Type GUID="{18071995-0000-0000-0000-00000000000E}">LREAL</Type><GlobalName>BlockIO.Sum1</GlobalName><AdsIdxOffs>#x95000030</AdsIdxOffs></Signal></Port><Port><Type No="1">Outport</Type><Position x="700.0" y="210.0"/><IsConnected>1</IsConnected><Line><Point x="700.0" y="210.0"/><Point x="745.0" y="210.0"/></Line><Signal Name="Sum3" Category="BlockIO" ReadOnly="TRUE"><Type GUID="{18071995-0000-0000-0000-00000000000E}">LREAL</Type><GlobalName>BlockIO.Sum3</GlobalName><AdsIdxOffs>#x95000018</AdsIdxOffs></Signal></Port></Block><Block><Name>Switch</Name><Identifier>&lt;Root&gt;/Switch</Identifier><Type>Switch</Type><Position x="250.0" y="57.0" w="30.0" h="36.0"/><Port><Type No="1">Inport</Type><Position x="235.0" y="65.0"/><IsConnected>1</IsConnected><Source BlockIdentifier="&lt;Root&gt;/heat flow cooler_on" PortType="Outport" PortNo="1"/></Port><Port><Type No="2">Inport</Type><Position x="235.0" y="75.0"/><IsConnected>1</IsConnected><Source BlockIdentifier="&lt;Root&gt;/Cooler_On" PortType="Outport" PortNo="1"/></Port><Port><Type No="3">Inport</Type><Position x="235.0" y="85.0"/><IsConnected>1</IsConnected><Source BlockIdentifier="&lt;Root&gt;/heat flow cooler_off" PortType="Outport" PortNo="1"/></Port><Port><Type No="1">Outport</Type><Position x="285.0" y="75.0"/><IsConnected>1</IsConnected><Line><Point x="285.0" y="75.0"/><Point x="300.0" y="75.0"/></Line></Port></Block><Block><Name>const</Name><Identifier>&lt;Root&gt;/const</Identifier><Type>Constant</Type><Position x="440.0" y="50.0" w="30.0" h="30.0"/><Port><Type No="1">Outport</Type><Position x="475.0" y="65.0"/><IsConnected>1</IsConnected><Line><Point x="475.0" y="65.0"/><Point x="495.0" y="65.0"/></Line></Port></Block><Block><Name>heat flow
cooler_off</Name><Identifier>&lt;Root&gt;/heat flow cooler_off</Identifier><Type>Constant</Type><Position x="180.0" y="77.0" w="45.0" h="16.0"/><Port><Type No="1">Outport</Type><Position x="230.0" y="85.0"/><IsConnected>1</IsConnected><Line><Point x="230.0" y="85.0"/><Point x="245.0" y="85.0"/></Line></Port></Block><Block><Name>heat flow
cooler_on</Name><Identifier>&lt;Root&gt;/heat flow cooler_on</Identifier><Type>Constant</Type><Position x="65.0" y="56.0" w="50.0" h="18.0"/><Port><Type No="1">Outport</Type><Position x="120.0" y="65.0"/><IsConnected>1</IsConnected><Line><Point x="120.0" y="65.0"/><Point x="245.0" y="65.0"/></Line></Port></Block><Block><Name>max power [W]</Name><Identifier>&lt;Root&gt;/max power [W]</Identifier><Type>Gain</Type><Position x="140.0" y="195.0" w="40.0" h="30.0"/><Port><Type No="1">Inport</Type><Position x="125.0" y="210.0"/><IsConnected>1</IsConnected><Source BlockIdentifier="&lt;Root&gt;/Conv" PortType="Outport" PortNo="1"/></Port><Port><Type No="1">Outport</Type><Position x="185.0" y="210.0"/><Name>Pel</Name><IsConnected>1</IsConnected><Line Name="Pel"><Point x="185.0" y="210.0"/><Point x="240.0" y="210.0"/></Line><Signal Name="Pel" Category="BlockIO" ReadOnly="TRUE"><Type GUID="{18071995-0000-0000-0000-00000000000E}">LREAL</Type><GlobalName>BlockIO.Pel</GlobalName><AdsIdxOffs>#x95000038</AdsIdxOffs></Signal></Port></Block><Block><Name>sensor</Name><Identifier>&lt;Root&gt;/sensor</Identifier><Type>Gain</Type><Position x="955.0" y="195.0" w="30.0" h="30.0"/><Port><Type No="1">Inport</Type><Position x="940.0" y="210.0"/><Name>theta_2</Name><IsConnected>1</IsConnected><Source BlockIdentifier="&lt;Root&gt;/1//C_2" PortType="Outport" PortNo="1"/><Signal Name="theta_2" Category="BlockIO" ReadOnly="TRUE"><Type GUID="{18071995-0000-0000-0000-00000000000E}">LREAL</Type><GlobalName>BlockIO.theta_2</GlobalName><AdsIdxOffs>#x95000000</AdsIdxOffs></Signal></Port><Port><Type No="1">Outport</Type><Position x="990.0" y="210.0"/><IsConnected>1</IsConnected><Line><Point x="990.0" y="210.0"/><Point x="1000.0" y="210.0"/></Line></Port></Block><Block><Name>theta_env</Name><Identifier>&lt;S1&gt;</Identifier><Type>SubSystem</Type><Position x="500.0" y="50.0" w="30.0" h="30.0"/><Mask>Slider Gain</Mask><Block><Name>u</Name><Identifier>&lt;S1&gt;/u</Identifier><Type InstanceNo="1">Inport</Type><Position x="25.0" y="33.0" w="30.0" h="14.0"/><Port><Type No="1">Outport</Type><Position x="60.0" y="40.0"/><IsConnected>1</IsConnected><Line><Point x="60.0" y="40.0"/><Point x="75.0" y="40.0"/></Line></Port></Block><Block><Name>Slider
Gain</Name><Identifier>&lt;S1&gt;/Slider Gain</Identifier><Type>Gain</Type><Position x="80.0" y="24.0" w="40.0" h="32.0"/><Port><Type No="1">Inport</Type><Position x="65.0" y="40.0"/><IsConnected>1</IsConnected><Source BlockIdentifier="&lt;S1&gt;/u" PortType="Outport" PortNo="1"/></Port><Port><Type No="1">Outport</Type><Position x="125.0" y="40.0"/><IsConnected>1</IsConnected><Line><Point x="125.0" y="40.0"/><Point x="135.0" y="40.0"/></Line></Port></Block><Block><Name>y</Name><Identifier>&lt;S1&gt;/y</Identifier><Type InstanceNo="1">Outport</Type><Position x="140.0" y="33.0" w="30.0" h="14.0"/><Port><Type No="1">Inport</Type><Position x="125.0" y="40.0"/><IsConnected>1</IsConnected><Source BlockIdentifier="&lt;S1&gt;/Slider Gain" PortType="Outport" PortNo="1"/></Port></Block><Port><Type No="1">Inport</Type><Position x="485.0" y="65.0"/><IsConnected>1</IsConnected><Source BlockIdentifier="&lt;Root&gt;/const" PortType="Outport" PortNo="1"/></Port><Port><Type No="1">Outport</Type><Position x="535.0" y="65.0"/><IsConnected>1</IsConnected><Line><Point x="535.0" y="65.0"/><Point x="615.0" y="65.0"/></Line></Port></Block><Block><Name>Temp</Name><Identifier>&lt;Root&gt;/Temp</Identifier><Type InstanceNo="1">Outport</Type><Position x="1075.0" y="203.0" w="30.0" h="14.0"/><Port><Type No="1">Inport</Type><Position x="1060.0" y="210.0"/><IsConnected>1</IsConnected><Source BlockIdentifier="&lt;Root&gt;/Conv3" PortType="Outport" PortNo="1"/><Signal Name="Conv3" Category="BlockIO" ReadOnly="TRUE"><Type GUID="{18071995-0000-0000-0000-000000000006}">INT</Type><GlobalName>BlockIO.Conv3</GlobalName><AdsIdxOffs>#x95000040</AdsIdxOffs></Signal></Port></Block><Annotation><Text>P-T2 model of the controled system</Text><Position x="449.0" y="190.0"/><Alignment H="center" V="middle"/><FontName>Arial</FontName><FontSize>12.000000</FontSize><FontWeight>bold</FontWeight></Annotation><Annotation><Text>Temperature measurement</Text><Position x="1099.0" y="190.0"/><Alignment H="center" V="middle"/><FontName>Arial</FontName><FontSize>12.000000</FontSize><FontWeight>bold</FontWeight></Annotation><Annotation><Text>PWM power electronics</Text><Position x="155.0" y="190.0"/><Alignment H="center" V="middle"/><FontName>Arial</FontName><FontSize>12.000000</FontSize><FontWeight>bold</FontWeight></Annotation><Annotation><Text>Heat flow coefficient depending on aerator state</Text><Position x="294.0" y="50.0"/><Alignment H="center" V="middle"/><FontName>Arial</FontName><FontSize>12.000000</FontSize><FontWeight>bold</FontWeight></Annotation><Annotation><Text>Define environment temperature</Text><Position x="629.0" y="50.0"/><Alignment H="center" V="middle"/><FontName>Arial</FontName><FontSize>12.000000</FontSize><FontWeight>bold</FontWeight></Annotation><SubsystemHierarchy><Subsystem><ID>&lt;Root&gt;</ID></Subsystem><Subsystem><ID>&lt;S1&gt;</ID><Parent>&lt;Root&gt;</Parent></Subsystem></SubsystemHierarchy><DebugInfo><SourceFile><Name>ContrSysPT2.cpp</Name><Path>C:\Tc_Projects\Matlab\TemperatureController\ContrSysPT2_tct\ContrSysPT2.cpp</Path><CodeSection CommentStartLine="136" StartLine="137" EndLine="138" Method="CContrSysPT2::ContrSysPT2_output"><Block>&lt;Root&gt;/Integrator2</Block></CodeSection><CodeSection CommentStartLine="139" StartLine="140" EndLine="141" Method="CContrSysPT2::ContrSysPT2_output"><Block>&lt;Root&gt;/1//C_2</Block></CodeSection><CodeSection CommentStartLine="142" StartLine="143" EndLine="144" Method="CContrSysPT2::ContrSysPT2_output"><Block>&lt;Root&gt;/sensor</Block></CodeSection><CodeSection CommentStartLine="145" StartLine="146" EndLine="155" Method="CContrSysPT2::ContrSysPT2_output"><Block>&lt;Root&gt;/Conv3</Block></CodeSection><CodeSection CommentStartLine="158" StartLine="159" EndLine="160" Method="CContrSysPT2::ContrSysPT2_output"><Block>&lt;Root&gt;/Temp</Block></CodeSection><CodeSection CommentStartLine="161" StartLine="162" EndLine="163" Method="CContrSysPT2::ContrSysPT2_output"><Block>&lt;Root&gt;/Integrator1</Block></CodeSection><CodeSection CommentStartLine="164" StartLine="165" EndLine="168" Method="CContrSysPT2::ContrSysPT2_output"><Block>&lt;Root&gt;/1//C_1</Block></CodeSection><CodeSection CommentStartLine="169" StartLine="172" EndLine="173" Method="CContrSysPT2::ContrSysPT2_output"><Block>&lt;Root&gt;/Conv</Block><Block>&lt;Root&gt;/Heat_On</Block></CodeSection><CodeSection CommentStartLine="174" StartLine="179" EndLine="184" Method="CContrSysPT2::ContrSysPT2_output"><Block>&lt;Root&gt;/Switch</Block><Block>&lt;Root&gt;/heat flow cooler_off</Block><Block>&lt;Root&gt;/heat flow cooler_on</Block><Block>&lt;Root&gt;/Cooler_On</Block></CodeSection><CodeSection CommentStartLine="187" StartLine="188" EndLine="189" Method="CContrSysPT2::ContrSysPT2_output"><Block>&lt;Root&gt;/Divide</Block></CodeSection><CodeSection CommentStartLine="190" StartLine="191" EndLine="192" Method="CContrSysPT2::ContrSysPT2_output"><Block>&lt;Root&gt;/Sum2</Block></CodeSection><CodeSection CommentStartLine="193" StartLine="194" EndLine="195" Method="CContrSysPT2::ContrSysPT2_output"><Block>&lt;Root&gt;/Gain1</Block></CodeSection><CodeSection CommentStartLine="196" StartLine="197" EndLine="198" Method="CContrSysPT2::ContrSysPT2_output"><Block>&lt;Root&gt;/Product1</Block></CodeSection><CodeSection CommentStartLine="199" StartLine="200" EndLine="201" Method="CContrSysPT2::ContrSysPT2_output"><Block>&lt;Root&gt;/max power [W]</Block></CodeSection><CodeSection CommentStartLine="202" StartLine="203" EndLine="204" Method="CContrSysPT2::ContrSysPT2_output"><Block>&lt;Root&gt;/Sum</Block></CodeSection><CodeSection CommentStartLine="205" StartLine="206" EndLine="207" Method="CContrSysPT2::ContrSysPT2_output"><Block>&lt;Root&gt;/Sum1</Block></CodeSection><CodeSection CommentStartLine="208" StartLine="209" EndLine="209" Method="CContrSysPT2::ContrSysPT2_output"><Block>&lt;Root&gt;/Sum3</Block></CodeSection><CodeSection CommentStartLine="260" StartLine="261" EndLine="262" Method="CContrSysPT2::ContrSysPT2_derivatives"><Block>&lt;Root&gt;/Integrator2</Block></CodeSection><CodeSection CommentStartLine="263" StartLine="264" EndLine="264" Method="CContrSysPT2::ContrSysPT2_derivatives"><Block>&lt;Root&gt;/Integrator1</Block></CodeSection><CodeSection CommentStartLine="270" StartLine="271" EndLine="272" Method="CContrSysPT2::ContrSysPT2_initialize"><Block>&lt;Root&gt;/Integrator2</Block></CodeSection><CodeSection CommentStartLine="273" StartLine="274" EndLine="274" Method="CContrSysPT2::ContrSysPT2_initialize"><Block>&lt;Root&gt;/Integrator1</Block></CodeSection></SourceFile><Variable><Name>Input</Name><Expression>this.m_Input</Expression></Variable><Variable><Name>Output</Name><Expression>this.m_Output</Expression></Variable><Variable><Name>DWork</Name><Expression>this.m_DWork</Expression></Variable><Variable><Name>BlockIO</Name><Expression>this.m_BlockIO</Expression></Variable><Variable><Name>ContState</Name><Expression>this.m_ContState</Expression></Variable><Variable><Name>Xdot</Name><Expression>this.m_Xdot</Expression></Variable><Variable><Name>Xdis</Name><Expression>this.m_Xdis</Expression></Variable><Variable><Name>SimStruct</Name><Expression>this.m_SimStruct</Expression></Variable><Variable><Name>MdlRefTimingBridge</Name><Expression>this.m_MdlRefTimingBridge</Expression></Variable><Variable><Name>CallBy</Name><Expression>this.CTcMatSimModuleBase.m_CallBy</Expression></Variable><Variable><Name>ExecutionSequence</Name><Expression>this.CTcMatSimModuleBase.m_ExecutionSequence</Expression></Variable><Variable><Name>StepSize</Name><Expression>this.CTcMatSimModuleBase.m_StepSize</Expression></Variable><Variable><Name>ModuleExecutionInfo</Name><Expression>this.m_ModuleExecutionInfo</Expression></Variable><Variable><Name>ExtModeServerVersion</Name><Expression>m_ExtModeServerVersion</Expression></Variable><Variable><Name>ExtModeStatus</Name><Expression>m_ExtModeStatus</Expression></Variable><Variable><Name>ExtModeParameters</Name><Expression>m_ExtModeParameters</Expression></Variable><Variable><Name>ModuleInfo</Name><Expression>this.m_ModuleInfo</Expression></Variable><Variable><Name>ModuleBuildInfo</Name><Expression>this.m_ModuleBuildInfo</Expression></Variable><Variable><Name>ContextInfoArr</Name><Expression>m_ContextInfoArr</Expression></Variable><Variable><Name>m_ContrSysPT2_78_rt_ExtModeInfo</Name><Expression>this.m_ContrSysPT2_78_rt_ExtModeInfo</Expression></Variable><Variable><Name>m_ContrSysPT2_124_dtInfo</Name><Expression>this.m_ContrSysPT2_124_dtInfo</Expression></Variable></DebugInfo></BlockDiagram><ModuleParameters><Parameter StartupValueAccess="WRITE"><Name>CallBy</Name><Category>Module parameters</Category></Parameter><Parameter StartupValueAccess="WRITE"><Name>ExecutionSequence</Name><Category>Module parameters</Category></Parameter><Parameter StartupValueAccess="WRITE"><Name>StepSize</Name><Category>Module parameters</Category></Parameter><Parameter OnlineValueAccess="READONLY"><Name>ModuleExecutionInfo</Name><Category>Monitoring</Category></Parameter><Parameter OnlineValueAccess="READONLY"><Name>ExtModeServerVersion</Name><Category>External Mode</Category></Parameter><Parameter OnlineValueAccess="READONLY"><Name>ExtModeStatus</Name><Category>External Mode</Category></Parameter><Parameter StartupValueAccess="READONLY" OnlineValueAccess="READONLY"><Name>ExtModeParameters</Name><Category>External Mode</Category><SubItem StartupValueAccess="WRITE"><Name>.ConnectionTimeout</Name></SubItem><SubItem StartupValueAccess="WRITE"><Name>.InitIncomingPktBufferSize</Name></SubItem><SubItem StartupValueAccess="WRITE"><Name>.InitOutgoingPktBufferSize</Name></SubItem><SubItem StartupValueAccess="WRITE"><Name>.Activated</Name></SubItem><SubItem StartupValueAccess="WRITE"><Name>.AllowExecutionCommands</Name></SubItem><SubItem StartupValueAccess="WRITE"><Name>.WaitForStartCommand</Name></SubItem><SubItem StartupValueAccess="WRITE"><Name>.AllowParameterChange</Name></SubItem></Parameter><Parameter DefaultValueAccess="READONLY"><Name>ModuleInfo</Name><Category>Module identification</Category></Parameter><Parameter OnlineValueAccess="READONLY"><Name>ModuleBuildInfo</Name><Category>Module identification</Category></Parameter></ModuleParameters></ModuleInfo></TctGeneratedModules>
