<?xml version="1.0"?>
<doc>
    <assembly>
        <name>CSharp.Scripts</name>
    </assembly>
    <members>
        <member name="T:Scripting.CSharp.SetMDRSettings">
             <summary>
            Set MDR settings in project
             </summary>
        </member>
        <member name="F:Scripting.CSharp.SetMDRSettings.systemManager">
            <summary>
            System Manager object
            </summary>
        </member>
        <member name="F:Scripting.CSharp.SetMDRSettings.project">
            <summary>
            TwinCAT XAE Project ojbect
            </summary>
        </member>
        <member name="M:Scripting.CSharp.SetMDRSettings.OnInitialize(ScriptingTest.IContext)">
            <summary>
            Handler function Initializing the Script (Configuration preparations)
            </summary>
            <param name="context"></param>
            <remarks>Usually used to to the open a prepared or new XAE configuration</remarks>
        </member>
        <member name="M:Scripting.CSharp.SetMDRSettings.OnSolutionCreated">
            <summary>
            Handler function called after the Solution object has been created.
            </summary>
        </member>
        <member name="M:Scripting.CSharp.SetMDRSettings.OnSolutionOpened">
            <summary>
            Handler function called after the Solution object has been Opened.
            </summary>
        </member>
        <member name="M:Scripting.CSharp.SetMDRSettings.OnCleanUp(ScriptingTest.IWorker)">
            <summary>
            Cleaning up the XAE configuration after script execution.
            </summary>
            <param name="worker">The worker.</param>
        </member>
        <member name="F:Scripting.CSharp.SetMDRSettings.plcTemplateName">
            <summary>
            Name of the PLC Template
            </summary>
        </member>
        <member name="F:Scripting.CSharp.SetMDRSettings.xaeProjectTemplateName">
            <summary>
            Name of the Project Template
            </summary>
        </member>
        <member name="P:Scripting.CSharp.SetMDRSettings.PlcTemplatePath">
            <summary>
            Gets the Path to the PLC Template
            </summary>
            <value>The PLC file.</value>
        </member>
        <member name="P:Scripting.CSharp.SetMDRSettings.XAEProjectTemplatePath">
            <summary>
            Gets the Path to the Project Template
            </summary>
            <value>The TSM file.</value>
        </member>
        <member name="M:Scripting.CSharp.SetMDRSettings.OnExecute(ScriptingTest.IWorker)">
            <summary>
            Handler function Executing the Script code.
            </summary>
            <param name="worker">The worker.</param>
        </member>
        <member name="P:Scripting.CSharp.SetMDRSettings.Description">
            <summary>
            Gets the Script description
            </summary>
            <value>The description.</value>
        </member>
        <member name="P:Scripting.CSharp.SetMDRSettings.Keywords">
            <summary>
            Gets the keywords, describing the Script features
            </summary>
            <value>The keywords.</value>
        </member>
        <member name="P:Scripting.CSharp.SetMDRSettings.TwinCATVersion">
            <summary>
            Gets the Version number of TwinCAT that is necessary for script execution.
            </summary>
            <value>The TwinCAT version.</value>
        </member>
        <member name="P:Scripting.CSharp.SetMDRSettings.TwinCATBuild">
            <summary>
            Gets the build number of TwinCAT that is necessary for script execution.
            </summary>
            <value>The TwinCAT build.</value>
        </member>
        <member name="P:Scripting.CSharp.SetMDRSettings.Category">
            <summary>
            Gets the category of this script.
            </summary>
            <value>The script category.</value>
        </member>
        <member name="T:Scripting.CSharp.EtherCAT_To_EIP_V1">
            <summary>
            Demonstrates the Copying of an EtherCAT IO tree and the linking to Ethernet IP (Early Binding), Alternative Box adding via VInfo Structe
            </summary>
        </member>
        <member name="F:Scripting.CSharp.EtherCAT_To_EIP_V1.systemManager">
            <summary>
            System Manager object
            </summary>
        </member>
        <member name="F:Scripting.CSharp.EtherCAT_To_EIP_V1.project">
            <summary>
            TwinCAT XAE Project ojbect
            </summary>
        </member>
        <member name="M:Scripting.CSharp.EtherCAT_To_EIP_V1.OnInitialize(ScriptingTest.IContext)">
            <summary>
            Handler function Initializing the Script (Configuration preparations)
            </summary>
            <param name="context"></param>
            <remarks>Usually used to to the open a prepared or new XAE configuration</remarks>
        </member>
        <member name="M:Scripting.CSharp.EtherCAT_To_EIP_V1.OnSolutionCreated">
            <summary>
            Handler function called after the Solution object has been created.
            </summary>
        </member>
        <member name="M:Scripting.CSharp.EtherCAT_To_EIP_V1.OnSolutionOpened">
            <summary>
            Handler function called after the Solution object has been Opened.
            </summary>
        </member>
        <member name="M:Scripting.CSharp.EtherCAT_To_EIP_V1.OnCleanUp(ScriptingTest.IWorker)">
            <summary>
            Cleaning up the XAE configuration after script execution.
            </summary>
            <param name="worker">The worker.</param>
        </member>
        <member name="F:Scripting.CSharp.EtherCAT_To_EIP_V1.plcTemplateName">
            <summary>
            Name of the PLC Template
            </summary>
        </member>
        <member name="F:Scripting.CSharp.EtherCAT_To_EIP_V1.xaeProjectTemplateName">
            <summary>
            Name of the Project Template
            </summary>
        </member>
        <member name="P:Scripting.CSharp.EtherCAT_To_EIP_V1.PlcTemplatePath">
            <summary>
            Gets the Path to the PLC Template
            </summary>
            <value>The PLC file.</value>
        </member>
        <member name="P:Scripting.CSharp.EtherCAT_To_EIP_V1.XAEProjectTemplatePath">
            <summary>
            Gets the Path to the Project Template
            </summary>
            <value>The TSM file.</value>
        </member>
        <member name="M:Scripting.CSharp.EtherCAT_To_EIP_V1.OnExecute(ScriptingTest.IWorker)">
            <summary>
            Handler function Executing the Script code.
            </summary>
            <param name="worker">The worker.</param>
        </member>
        <member name="P:Scripting.CSharp.EtherCAT_To_EIP_V1.Description">
            <summary>
            Gets the Script description
            </summary>
            <value>The description.</value>
        </member>
        <member name="P:Scripting.CSharp.EtherCAT_To_EIP_V1.Keywords">
            <summary>
            Gets the keywords, describing the Script features
            </summary>
            <value>The keywords.</value>
        </member>
        <member name="P:Scripting.CSharp.EtherCAT_To_EIP_V1.TwinCATVersion">
            <summary>
            Gets the Version number of TwinCAT that is necessary for script execution.
            </summary>
            <value>The TwinCAT version.</value>
        </member>
        <member name="P:Scripting.CSharp.EtherCAT_To_EIP_V1.TwinCATBuild">
            <summary>
            Gets the build number of TwinCAT that is necessary for script execution.
            </summary>
            <value>The TwinCAT build.</value>
        </member>
        <member name="P:Scripting.CSharp.EtherCAT_To_EIP_V1.Category">
            <summary>
            Gets the category of this script.
            </summary>
            <value>The script category.</value>
        </member>
    </members>
</doc>
